id,title,user,description,plan_datetime,city,postal_code,plan_image,category,is_active
31,tutledd1111sdsd,tt,sfsdfgsfsdfsdfsfsdfsdf,2022-04-18 01:15:00+00:00,ahmedabaad,454545,default.jpg,Birthday,False
37,gggggggggggggggggggggggggggggggggggggggggggggggggggsdsd,tt,sfsdfgsfsdfsdfsfsdfsdf,2022-04-18 01:15:00+00:00,ahmedabaad,454545,default.jpg,Birthday,False
39,cricket match,tt,ncie mathc,2022-04-17 01:15:00+00:00,ahmedabaad,454545,default.jpg,Birthday,False
2,plan2,tt,klhjklhsdksdfsssssssfhsdfhsdkjfshdfjksjhkjsfhksjdhskdfhskdfj,2022-04-18 11:15:17.961961+00:00,rajkot,380024,media/download_17_uDFS6c5.jpg,marrage,False
3,plan3,tt,mcvnmcvnmcv,2022-04-18 11:23:13.129770+00:00,rajkot,380025,media/download_17_P7iqtIx.jpg,marrage,False
4,plan4,tt,mcvnmfdrfdfdfdfdfdfdfdfcvnmcv,2022-04-18 11:28:14.865695+00:00,surat,380029,media/download_17_RUcUQRc.jpg,marrage,False
7,gggg,tt,sffsdfsdfsdf,2022-04-19 09:24:37.697423+00:00,ahmedabaad,34534554,default.jpg,Birthday,False
16,rrrrr9,tt,sffsdfsdfsdf,2022-04-21 09:24:37+00:00,ahmedabaad,34534554,default.jpg,Birthday,False
8,rrrrr,tt,sffsdfsdfsdf,2022-04-19 09:24:37.697423+00:00,ahmedabaad,34534554,default.jpg,Birthday,False
9,rrrrr1,tt,sffsdfsdfsdf,2022-04-19 09:24:37.697423+00:00,ahmedabaad,34534554,default.jpg,Birthday,False
41,tttttttttttttttttttttttttttttttttttttttttttttttttttttttttttttttttttt,t2,kjfsdkdflskjfklsjfklsdjfklsfskldfjsldf,2022-04-21 07:25:30+00:00,rajkot,234234,media/download_23.jpg,marrage,False
15,rrrrr8,tt,sffsdfsdfsdf,2022-04-21 09:24:37+00:00,ahmedabaad,34534554,default.jpg,Birthday,False
5,plan6,tt,mcvnmfdrfdfdfdfdfdfdfdfcvnmcv,2022-04-21 06:20:00+00:00,surat,380030,media/download_17_jcuz6h9.jpg,marrage,False
6,plan7,tt,mcvnmfdrfdfdfdfdfdfdfdfcvnmcv,2022-04-23 09:00:00+00:00,surat,3800307,media/download_17_iBSYgbx.jpg,marrage,True
32,tutledd1111sdsd2222,tt,sfsdfgsfsdfsdfsfsdfsdf,2022-04-18 01:15:00+00:00,ahmedabaad,454545,default.jpg,Birthday,False
33,tutledd1111sdsd2222sddsd,tt,sfsdfgsfsdfsdfsfsdfsdf,2022-04-18 01:15:00+00:00,ahmedabaad,454545,default.jpg,Birthday,False
11,rrrrr4,tt,sffsdfsdfsdf,2022-04-19 09:24:37.697423+00:00,ahmedabaad,34534554,default.jpg,Birthday,False
34,tutledd1111sdsd2222sddsdssss,tt,sfsdfgsfsdfsdfsfsdfsdf,2022-04-18 01:15:00+00:00,ahmedabaad,454545,default.jpg,Birthday,False
10,rrrrr2,tt,sffsdfsdfsdf,2022-04-19 09:24:37.697423+00:00,ahmedabaad,34534554,default.jpg,Birthday,False
40,xxxxxxxxxxxxxxxx,t2,fdgdgdfgdfg,2022-04-21 12:52:36+00:00,ahmedabaad,234234,media/download_25.jpg,Birthday,False
35,tutledd1111sdsd2222sddsdfdfdfssss,tt,sfsdfgsfsdfsdfsfsdfsdf,2022-04-18 01:15:00+00:00,ahmedabaad,454545,default.jpg,Birthday,False
36,tutledd1111sdsd2222sddsdfdfdsfsdffffffffdfssss,tt,sfsdfgsfsdfsdfsfsdfsdf,2022-04-18 01:15:00+00:00,ahmedabaad,454545,default.jpg,Birthday,False
12,rrrrr5,tt,sffsdfsdfsdf,2022-04-19 09:24:37.697423+00:00,ahmedabaad,34534554,default.jpg,Birthday,False
14,rrrrr7,tt,sffsdfsdfsdf,2022-04-19 09:24:37.697423+00:00,ahmedabaad,34534554,default.jpg,Birthday,False
1,plan1,tt,klhjklhsdkfhsdfhsdkjfshdfjksjhkjsfhksjdhskdfhskdfj,2022-04-18 11:14:13+00:00,ahmedabaad,380026,media/download_17.jpg,Birthday,False
13,rrrrr6,tt,sffsdfsdfsdf,2022-04-19 09:24:37.697423+00:00,ahmedabaad,34534554,default.jpg,Birthday,False
29,tutledd11,tt,sfsdfgsfsdfsdfsfsdfsdf,2022-04-18 01:15:00+00:00,ahmedabaad,454545,default.jpg,Birthday,False
17,rrrrr10,tt,sffsdfsdfsdf,2022-04-22 01:15:17+00:00,ahmedabaad,34534554,default.jpg,Birthday,False
38,ggggggggggggggggggggg3434343434ggggggggggggggggggggggggggggggsdsd,tt,sfsdfgsfsdfsdfsfsdfsdf,2022-04-18 01:15:00+00:00,ahmedabaad,454545,default.jpg,Birthday,False
30,tutledd1111,tt,sfsdfgsfsdfsdfsfsdfsdf,2022-04-18 01:15:00+00:00,ahmedabaad,454545,default.jpg,Birthday,False
